africa;victim.continent.name=Africa
algeria;victim.country.name=Algeria
algeria;victim.continent.name=Africa
algiers;victim.city.name=Algiers
algiers;victim.country.name=Algeria
algiers;victim.continent.name=Africa
angola;victim.country.name=Angola
angola;victim.continent.name=Africa
luanda;victim.city.name=Luanda
luanda;victim.country.name=Angola
luanda;victim.continent.name=Africa
benin;victim.country.name=Benin
benin;victim.continent.name=Africa
porto,novo;victim.city.name=Porto Novo
porto,novo;victim.country.name=Benin
porto,novo;victim.continent.name=Africa
botswana;victim.country.name=Botswana
botswana;victim.continent.name=Africa
gaborone;victim.city.name=Gaborone
gaborone;victim.country.name=Botswana
gaborone;victim.continent.name=Africa
burkina,faso;victim.country.name=Burkina Faso
burkina,faso;victim.continent.name=Africa
ouagadougou;victim.city.name=Ouagadougou
ouagadougou;victim.country.name=Burkina Faso
ouagadougou;victim.continent.name=Africa
burundi;victim.country.name=Burundi
burundi;victim.continent.name=Africa
gitega;victim.city.name=Gitega
gitega;victim.country.name=Burundi
gitega;victim.continent.name=Africa
cameroon;victim.country.name=Cameroon
cameroon;victim.continent.name=Africa
yaoundé;victim.city.name=Yaoundé
yaoundé;victim.country.name=Cameroon
yaoundé;victim.continent.name=Africa
cape,verde;victim.country.name=Cape Verde
cape,verde;victim.continent.name=Africa
praia,cape,verde;victim.city.name=Praia, Cape Verde
praia,cape,verde;victim.country.name=Cape Verde
praia,cape,verde;victim.continent.name=Africa
central,african,republic;victim.country.name=Central African Republic
central,african,republic;victim.continent.name=Africa
bangui;victim.city.name=Bangui
bangui;victim.country.name=Central African Republic
bangui;victim.continent.name=Africa
chad;victim.country.name=Chad
chad;victim.continent.name=Africa
n'djamena;victim.city.name=N'Djamena
n'djamena;victim.country.name=Chad
n'djamena;victim.continent.name=Africa
comoros;victim.country.name=Comoros
comoros;victim.continent.name=Africa
moroni,comoros;victim.city.name=Moroni, Comoros
moroni,comoros;victim.country.name=Comoros
moroni,comoros;victim.continent.name=Africa
republic,of,the,congo;victim.country.name=Republic of the Congo
republic,of,the,congo;victim.continent.name=Africa
brazzaville;victim.city.name=Brazzaville
brazzaville;victim.country.name=Republic of the Congo
brazzaville;victim.continent.name=Africa
democratic,republic,of,the,congo;victim.country.name=Democratic Republic of the Congo
democratic,republic,of,the,congo;victim.continent.name=Africa
kinshasa;victim.city.name=Kinshasa
kinshasa;victim.country.name=Democratic Republic of the Congo
kinshasa;victim.continent.name=Africa
côte,d'ivoire;victim.country.name=Côte d'Ivoire
côte,d'ivoire;victim.continent.name=Africa
yamoussoukro;victim.city.name=Yamoussoukro
yamoussoukro;victim.country.name=Côte d'Ivoire
yamoussoukro;victim.continent.name=Africa
djibouti;victim.country.name=Djibouti
djibouti;victim.continent.name=Africa
djibouti;victim.city.name=Djibouti
djibouti;victim.country.name=Djibouti
djibouti;victim.continent.name=Africa
equatorial,guinea;victim.country.name=Equatorial Guinea
equatorial,guinea;victim.continent.name=Africa
malabo;victim.city.name=Malabo
malabo;victim.country.name=Equatorial Guinea
malabo;victim.continent.name=Africa
egypt;victim.country.name=Egypt
egypt;victim.continent.name=Africa
cairo;victim.city.name=Cairo
cairo;victim.country.name=Egypt
cairo;victim.continent.name=Africa
eritrea;victim.country.name=Eritrea
eritrea;victim.continent.name=Africa
asmara;victim.city.name=Asmara
asmara;victim.country.name=Eritrea
asmara;victim.continent.name=Africa
ethiopia;victim.country.name=Ethiopia
ethiopia;victim.continent.name=Africa
addis,ababa;victim.city.name=Addis Ababa
addis,ababa;victim.country.name=Ethiopia
addis,ababa;victim.continent.name=Africa
gabon;victim.country.name=Gabon
gabon;victim.continent.name=Africa
libreville;victim.city.name=Libreville
libreville;victim.country.name=Gabon
libreville;victim.continent.name=Africa
the,gambia;victim.country.name=The Gambia
the,gambia;victim.continent.name=Africa
banjul;victim.city.name=Banjul
banjul;victim.country.name=The Gambia
banjul;victim.continent.name=Africa
ghana;victim.country.name=Ghana
ghana;victim.continent.name=Africa
accra;victim.city.name=Accra
accra;victim.country.name=Ghana
accra;victim.continent.name=Africa
guinea;victim.country.name=Guinea
guinea;victim.continent.name=Africa
conakry;victim.city.name=Conakry
conakry;victim.country.name=Guinea
conakry;victim.continent.name=Africa
guinea,bissau;victim.country.name=Guinea-Bissau
guinea,bissau;victim.continent.name=Africa
bissau;victim.city.name=Bissau
bissau;victim.country.name=Guinea-Bissau
bissau;victim.continent.name=Africa
kenya;victim.country.name=Kenya
kenya;victim.continent.name=Africa
nairobi;victim.city.name=Nairobi
nairobi;victim.country.name=Kenya
nairobi;victim.continent.name=Africa
lesotho;victim.country.name=Lesotho
lesotho;victim.continent.name=Africa
maseru;victim.city.name=Maseru
maseru;victim.country.name=Lesotho
maseru;victim.continent.name=Africa
liberia;victim.country.name=Liberia
liberia;victim.continent.name=Africa
monrovia,liberia;victim.city.name=Monrovia, Liberia
monrovia,liberia;victim.country.name=Liberia
monrovia,liberia;victim.continent.name=Africa
libya;victim.country.name=Libya
libya;victim.continent.name=Africa
tripoli;victim.city.name=Tripoli
tripoli;victim.country.name=Libya
tripoli;victim.continent.name=Africa
madagascar;victim.country.name=Madagascar
madagascar;victim.continent.name=Africa
antananarivo;victim.city.name=Antananarivo
antananarivo;victim.country.name=Madagascar
antananarivo;victim.continent.name=Africa
malawi;victim.country.name=Malawi
malawi;victim.continent.name=Africa
lilongwe;victim.city.name=Lilongwe
lilongwe;victim.country.name=Malawi
lilongwe;victim.continent.name=Africa
mali;victim.country.name=Mali
mali;victim.continent.name=Africa
bamako;victim.city.name=Bamako
bamako;victim.country.name=Mali
bamako;victim.continent.name=Africa
mauritania;victim.country.name=Mauritania
mauritania;victim.continent.name=Africa
nouakchott;victim.city.name=Nouakchott
nouakchott;victim.country.name=Mauritania
nouakchott;victim.continent.name=Africa
mauritius;victim.country.name=Mauritius
mauritius;victim.continent.name=Africa
port,louis;victim.city.name=Port Louis
port,louis;victim.country.name=Mauritius
port,louis;victim.continent.name=Africa
morocco;victim.country.name=Morocco
morocco;victim.continent.name=Africa
rabat;victim.city.name=Rabat
rabat;victim.country.name=Morocco
rabat;victim.continent.name=Africa
mozambique;victim.country.name=Mozambique
mozambique;victim.continent.name=Africa
maputo;victim.city.name=Maputo
maputo;victim.country.name=Mozambique
maputo;victim.continent.name=Africa
namibia;victim.country.name=Namibia
namibia;victim.continent.name=Africa
windhoek;victim.city.name=Windhoek
windhoek;victim.country.name=Namibia
windhoek;victim.continent.name=Africa
niger;victim.country.name=Niger
niger;victim.continent.name=Africa
niamey;victim.city.name=Niamey
niamey;victim.country.name=Niger
niamey;victim.continent.name=Africa
nigeria;victim.country.name=Nigeria
nigeria;victim.continent.name=Africa
abuja;victim.city.name=Abuja
abuja;victim.country.name=Nigeria
abuja;victim.continent.name=Africa
rwanda;victim.country.name=Rwanda
rwanda;victim.continent.name=Africa
kigali;victim.city.name=Kigali
kigali;victim.country.name=Rwanda
kigali;victim.continent.name=Africa
são,tomé,and,príncipe;victim.country.name=São Tomé and Príncipe
são,tomé,and,príncipe;victim.continent.name=Africa
são,tomé;victim.city.name=São Tomé
são,tomé;victim.country.name=São Tomé and Príncipe
são,tomé;victim.continent.name=Africa
senegal;victim.country.name=Senegal
senegal;victim.continent.name=Africa
dakar;victim.city.name=Dakar
dakar;victim.country.name=Senegal
dakar;victim.continent.name=Africa
seychelles;victim.country.name=Seychelles
seychelles;victim.continent.name=Africa
victoria,seychelles;victim.city.name=Victoria, Seychelles
victoria,seychelles;victim.country.name=Seychelles
victoria,seychelles;victim.continent.name=Africa
sierra,leone;victim.country.name=Sierra Leone
sierra,leone;victim.continent.name=Africa
freetown;victim.city.name=Freetown
freetown;victim.country.name=Sierra Leone
freetown;victim.continent.name=Africa
somalia;victim.country.name=Somalia
somalia;victim.continent.name=Africa
mogadishu,somalia;victim.city.name=Mogadishu, Somalia
mogadishu,somalia;victim.country.name=Somalia
mogadishu,somalia;victim.continent.name=Africa
south,africa;victim.country.name=South Africa
south,africa;victim.continent.name=Africa
pretoria;victim.city.name=Pretoria
pretoria;victim.country.name=South Africa
pretoria;victim.continent.name=Africa
south,sudan;victim.country.name=South Sudan
south,sudan;victim.continent.name=Africa
juba;victim.city.name=Juba
juba;victim.country.name=South Sudan
juba;victim.continent.name=Africa
sudan;victim.country.name=Sudan
sudan;victim.continent.name=Africa
khartoum;victim.city.name=Khartoum
khartoum;victim.country.name=Sudan
khartoum;victim.continent.name=Africa
swaziland;victim.country.name=Swaziland
swaziland;victim.continent.name=Africa
eswatini;victim.city.name=Eswatini
eswatini;victim.country.name=Swaziland
eswatini;victim.continent.name=Africa
tanzania;victim.country.name=Tanzania
tanzania;victim.continent.name=Africa
dodoma;victim.city.name=Dodoma
dodoma;victim.country.name=Tanzania
dodoma;victim.continent.name=Africa
togo;victim.country.name=Togo
togo;victim.continent.name=Africa
lome;victim.city.name=Lome
lome;victim.country.name=Togo
lome;victim.continent.name=Africa
tunisia;victim.country.name=Tunisia
tunisia;victim.continent.name=Africa
tunis;victim.city.name=Tunis
tunis;victim.country.name=Tunisia
tunis;victim.continent.name=Africa
uganda;victim.country.name=Uganda
uganda;victim.continent.name=Africa
kampala;victim.city.name=Kampala
kampala;victim.country.name=Uganda
kampala;victim.continent.name=Africa
western,sahara;victim.country.name=Western Sahara
western,sahara;victim.continent.name=Africa
el,aaiún;victim.city.name=El Aaiún
el,aaiún;victim.country.name=Western Sahara
el,aaiún;victim.continent.name=Africa
zambia;victim.country.name=Zambia
zambia;victim.continent.name=Africa
lusaka;victim.city.name=Lusaka
lusaka;victim.country.name=Zambia
lusaka;victim.continent.name=Africa
zimbabwe;victim.country.name=Zimbabwe
zimbabwe;victim.continent.name=Africa
harare;victim.city.name=Harare
harare;victim.country.name=Zimbabwe
harare;victim.continent.name=Africa
asia;victim.continent.name=Asia
afghanistan;victim.country.name=Afghanistan
afghanistan;victim.continent.name=Asia
kabul;victim.city.name=Kabul
kabul;victim.country.name=Afghanistan
kabul;victim.continent.name=Asia
armenia;victim.country.name=Armenia
armenia;victim.continent.name=Asia
yerevan;victim.city.name=Yerevan
yerevan;victim.country.name=Armenia
yerevan;victim.continent.name=Asia
azerbaijan;victim.country.name=Azerbaijan
azerbaijan;victim.continent.name=Asia
baku;victim.city.name=Baku
baku;victim.country.name=Azerbaijan
baku;victim.continent.name=Asia
bahrain;victim.country.name=Bahrain
bahrain;victim.continent.name=Asia
manama;victim.city.name=Manama
manama;victim.country.name=Bahrain
manama;victim.continent.name=Asia
bangladesh;victim.country.name=Bangladesh
bangladesh;victim.continent.name=Asia
dhaka;victim.city.name=Dhaka
dhaka;victim.country.name=Bangladesh
dhaka;victim.continent.name=Asia
bhutan;victim.country.name=Bhutan
bhutan;victim.continent.name=Asia
thimphu;victim.city.name=Thimphu
thimphu;victim.country.name=Bhutan
thimphu;victim.continent.name=Asia
brunei;victim.country.name=Brunei
brunei;victim.continent.name=Asia
bandar,seri,begawan;victim.city.name=Bandar Seri Begawan
bandar,seri,begawan;victim.country.name=Brunei
bandar,seri,begawan;victim.continent.name=Asia
cambodia;victim.country.name=Cambodia
cambodia;victim.continent.name=Asia
phnom,penh;victim.city.name=Phnom Penh
phnom,penh;victim.country.name=Cambodia
phnom,penh;victim.continent.name=Asia
china;victim.country.name=China
china;victim.continent.name=Asia
beijing;victim.city.name=Beijing
beijing;victim.country.name=China
beijing;victim.continent.name=Asia
east,timor;victim.country.name=East Timor
east,timor;victim.continent.name=Asia
dili;victim.city.name=Dili
dili;victim.country.name=East Timor
dili;victim.continent.name=Asia
georgia;victim.country.name=Georgia
georgia;victim.continent.name=Asia
tbilisi;victim.city.name=Tbilisi
tbilisi;victim.country.name=Georgia
tbilisi;victim.continent.name=Asia
india;victim.country.name=India
india;victim.continent.name=Asia
new,delhi;victim.city.name=New Delhi
new,delhi;victim.country.name=India
new,delhi;victim.continent.name=Asia
indonesia;victim.country.name=Indonesia
indonesia;victim.continent.name=Asia
jakarta;victim.city.name=Jakarta
jakarta;victim.country.name=Indonesia
jakarta;victim.continent.name=Asia
iran;victim.country.name=Iran
iran;victim.continent.name=Asia
tehran;victim.city.name=Tehran
tehran;victim.country.name=Iran
tehran;victim.continent.name=Asia
iraq;victim.country.name=Iraq
iraq;victim.continent.name=Asia
baghdad;victim.city.name=Baghdad
baghdad;victim.country.name=Iraq
baghdad;victim.continent.name=Asia
israel;victim.country.name=Israel
israel;victim.continent.name=Asia
jerusalem;victim.city.name=Jerusalem
jerusalem;victim.country.name=Israel
jerusalem;victim.continent.name=Asia
japan;victim.country.name=Japan
japan;victim.continent.name=Asia
tokyo;victim.city.name=Tokyo
tokyo;victim.country.name=Japan
tokyo;victim.continent.name=Asia
jordan;victim.country.name=Jordan
jordan;victim.continent.name=Asia
amman;victim.city.name=Amman
amman;victim.country.name=Jordan
amman;victim.continent.name=Asia
kazakhstan;victim.country.name=Kazakhstan
kazakhstan;victim.continent.name=Asia
nur,sultan;victim.city.name=Nur-Sultan
nur,sultan;victim.country.name=Kazakhstan
nur,sultan;victim.continent.name=Asia
kuwait;victim.country.name=Kuwait
kuwait;victim.continent.name=Asia
kuwait,city;victim.city.name=Kuwait City
kuwait,city;victim.country.name=Kuwait
kuwait,city;victim.continent.name=Asia
kyrgyzstan;victim.country.name=Kyrgyzstan
kyrgyzstan;victim.continent.name=Asia
bishkek;victim.city.name=Bishkek
bishkek;victim.country.name=Kyrgyzstan
bishkek;victim.continent.name=Asia
laos;victim.country.name=Laos
laos;victim.continent.name=Asia
vientiane;victim.city.name=Vientiane
vientiane;victim.country.name=Laos
vientiane;victim.continent.name=Asia
lebanon;victim.country.name=Lebanon
lebanon;victim.continent.name=Asia
beirut;victim.city.name=Beirut
beirut;victim.country.name=Lebanon
beirut;victim.continent.name=Asia
malaysia;victim.country.name=Malaysia
malaysia;victim.continent.name=Asia
kuala,lumpur;victim.city.name=Kuala Lumpur
kuala,lumpur;victim.country.name=Malaysia
kuala,lumpur;victim.continent.name=Asia
maldives;victim.country.name=Maldives
maldives;victim.continent.name=Asia
malé;victim.city.name=Malé
malé;victim.country.name=Maldives
malé;victim.continent.name=Asia
mongolia;victim.country.name=Mongolia
mongolia;victim.continent.name=Asia
ulaanbaatar;victim.city.name=Ulaanbaatar
ulaanbaatar;victim.country.name=Mongolia
ulaanbaatar;victim.continent.name=Asia
myanmar;victim.country.name=Myanmar
myanmar;victim.continent.name=Asia
naypyidaw;victim.city.name=Naypyidaw
naypyidaw;victim.country.name=Myanmar
naypyidaw;victim.continent.name=Asia
nepal;victim.country.name=Nepal
nepal;victim.continent.name=Asia
kathmandu;victim.city.name=Kathmandu
kathmandu;victim.country.name=Nepal
kathmandu;victim.continent.name=Asia
north,korea;victim.country.name=North Korea
north,korea;victim.continent.name=Asia
pyongyang;victim.city.name=Pyongyang
pyongyang;victim.country.name=North Korea
pyongyang;victim.continent.name=Asia
oman;victim.country.name=Oman
oman;victim.continent.name=Asia
muscat;victim.city.name=Muscat
muscat;victim.country.name=Oman
muscat;victim.continent.name=Asia
pakistan;victim.country.name=Pakistan
pakistan;victim.continent.name=Asia
islamabad;victim.city.name=Islamabad
islamabad;victim.country.name=Pakistan
islamabad;victim.continent.name=Asia
palestine;victim.country.name=Palestine
palestine;victim.continent.name=Asia
ramallah;victim.city.name=Ramallah
ramallah;victim.country.name=Palestine
ramallah;victim.continent.name=Asia
philippines;victim.country.name=Philippines
philippines;victim.continent.name=Asia
manila;victim.city.name=Manila
manila;victim.country.name=Philippines
manila;victim.continent.name=Asia
qatar;victim.country.name=Qatar
qatar;victim.continent.name=Asia
doha;victim.city.name=Doha
doha;victim.country.name=Qatar
doha;victim.continent.name=Asia
russia;victim.country.name=Russia
russia;victim.continent.name=Asia
moscow;victim.city.name=Moscow
moscow;victim.country.name=Russia
moscow;victim.continent.name=Asia
saudi,arabia;victim.country.name=Saudi Arabia
saudi,arabia;victim.continent.name=Asia
riyadh;victim.city.name=Riyadh
riyadh;victim.country.name=Saudi Arabia
riyadh;victim.continent.name=Asia
singapore;victim.country.name=Singapore
singapore;victim.continent.name=Asia
singapore;victim.city.name=Singapore
singapore;victim.country.name=Singapore
singapore;victim.continent.name=Asia
south,korea;victim.country.name=South Korea
south,korea;victim.continent.name=Asia
seoul;victim.city.name=Seoul
seoul;victim.country.name=South Korea
seoul;victim.continent.name=Asia
sri,lanka;victim.country.name=Sri Lanka
sri,lanka;victim.continent.name=Asia
sri,jayawardenapura,kotte;victim.city.name=Sri Jayawardenapura Kotte
sri,jayawardenapura,kotte;victim.country.name=Sri Lanka
sri,jayawardenapura,kotte;victim.continent.name=Asia
syria;victim.country.name=Syria
syria;victim.continent.name=Asia
damascus;victim.city.name=Damascus
damascus;victim.country.name=Syria
damascus;victim.continent.name=Asia
tajikistan;victim.country.name=Tajikistan
tajikistan;victim.continent.name=Asia
dushanbe;victim.city.name=Dushanbe
dushanbe;victim.country.name=Tajikistan
dushanbe;victim.continent.name=Asia
thailand;victim.country.name=Thailand
thailand;victim.continent.name=Asia
bangkok;victim.city.name=Bangkok
bangkok;victim.country.name=Thailand
bangkok;victim.continent.name=Asia
turkey;victim.country.name=Turkey
turkey;victim.continent.name=Asia
ankara;victim.city.name=Ankara
ankara;victim.country.name=Turkey
ankara;victim.continent.name=Asia
turkmenistan;victim.country.name=Turkmenistan
turkmenistan;victim.continent.name=Asia
aşgabat;victim.city.name=Aşgabat
aşgabat;victim.country.name=Turkmenistan
aşgabat;victim.continent.name=Asia
taiwan;victim.country.name=Taiwan
taiwan;victim.continent.name=Asia
taipei;victim.city.name=Taipei
taipei;victim.country.name=Taiwan
taipei;victim.continent.name=Asia
united,arab,emirates;victim.country.name=United Arab Emirates
united,arab,emirates;victim.continent.name=Asia
abu,dhabi;victim.city.name=Abu Dhabi
abu,dhabi;victim.country.name=United Arab Emirates
abu,dhabi;victim.continent.name=Asia
uzbekistan;victim.country.name=Uzbekistan
uzbekistan;victim.continent.name=Asia
tashkent;victim.city.name=Tashkent
tashkent;victim.country.name=Uzbekistan
tashkent;victim.continent.name=Asia
vietnam;victim.country.name=Vietnam
vietnam;victim.continent.name=Asia
hanoi;victim.city.name=Hanoi
hanoi;victim.country.name=Vietnam
hanoi;victim.continent.name=Asia
yemen;victim.country.name=Yemen
yemen;victim.continent.name=Asia
sana'a;victim.city.name=Sana'a
sana'a;victim.country.name=Yemen
sana'a;victim.continent.name=Asia
europe;victim.continent.name=Europe
albania;victim.country.name=Albania
albania;victim.continent.name=Europe
tirana;victim.city.name=Tirana
tirana;victim.country.name=Albania
tirana;victim.continent.name=Europe
andorra;victim.country.name=Andorra
andorra;victim.continent.name=Europe
andorra,la,vella;victim.city.name=Andorra la Vella
andorra,la,vella;victim.country.name=Andorra
andorra,la,vella;victim.continent.name=Europe
austria;victim.country.name=Austria
austria;victim.continent.name=Europe
vienna;victim.city.name=Vienna
vienna;victim.country.name=Austria
vienna;victim.continent.name=Europe
belarus;victim.country.name=Belarus
belarus;victim.continent.name=Europe
minsk;victim.city.name=Minsk
minsk;victim.country.name=Belarus
minsk;victim.continent.name=Europe
belgium;victim.country.name=Belgium
belgium;victim.continent.name=Europe
brussels;victim.city.name=Brussels
brussels;victim.country.name=Belgium
brussels;victim.continent.name=Europe
bosnia,and,herzegovina;victim.country.name=Bosnia and Herzegovina
bosnia,and,herzegovina;victim.continent.name=Europe
sarajevo;victim.city.name=Sarajevo
sarajevo;victim.country.name=Bosnia and Herzegovina
sarajevo;victim.continent.name=Europe
bulgaria;victim.country.name=Bulgaria
bulgaria;victim.continent.name=Europe
sofia;victim.city.name=Sofia
sofia;victim.country.name=Bulgaria
sofia;victim.continent.name=Europe
croatia;victim.country.name=Croatia
croatia;victim.continent.name=Europe
zagreb;victim.city.name=Zagreb
zagreb;victim.country.name=Croatia
zagreb;victim.continent.name=Europe
cyprus;victim.country.name=Cyprus
cyprus;victim.continent.name=Europe
nicosia;victim.city.name=Nicosia
nicosia;victim.country.name=Cyprus
nicosia;victim.continent.name=Europe
czech,republic;victim.country.name=Czech Republic
czech,republic;victim.continent.name=Europe
prague;victim.city.name=Prague
prague;victim.country.name=Czech Republic
prague;victim.continent.name=Europe
denmark;victim.country.name=Denmark
denmark;victim.continent.name=Europe
copenhagen;victim.city.name=Copenhagen
copenhagen;victim.country.name=Denmark
copenhagen;victim.continent.name=Europe
estonia;victim.country.name=Estonia
estonia;victim.continent.name=Europe
tallinn;victim.city.name=Tallinn
tallinn;victim.country.name=Estonia
tallinn;victim.continent.name=Europe
finland;victim.country.name=Finland
finland;victim.continent.name=Europe
helsinki;victim.city.name=Helsinki
helsinki;victim.country.name=Finland
helsinki;victim.continent.name=Europe
georgia;victim.country.name=Georgia
georgia;victim.continent.name=Europe
tbilisi;victim.city.name=Tbilisi
tbilisi;victim.country.name=Georgia
tbilisi;victim.continent.name=Europe
germany;victim.country.name=Germany
germany;victim.continent.name=Europe
berlin;victim.city.name=Berlin
berlin;victim.country.name=Germany
berlin;victim.continent.name=Europe
greece;victim.country.name=Greece
greece;victim.continent.name=Europe
athens;victim.city.name=Athens
athens;victim.country.name=Greece
athens;victim.continent.name=Europe
hungary;victim.country.name=Hungary
hungary;victim.continent.name=Europe
budapest;victim.city.name=Budapest
budapest;victim.country.name=Hungary
budapest;victim.continent.name=Europe
iceland;victim.country.name=Iceland
iceland;victim.continent.name=Europe
reykjavik;victim.city.name=Reykjavik
reykjavik;victim.country.name=Iceland
reykjavik;victim.continent.name=Europe
republic,of,ireland;victim.country.name=Republic of Ireland
republic,of,ireland;victim.continent.name=Europe
dublin;victim.city.name=Dublin
dublin;victim.country.name=Republic of Ireland
dublin;victim.continent.name=Europe
italy;victim.country.name=Italy
italy;victim.continent.name=Europe
rome;victim.city.name=Rome
rome;victim.country.name=Italy
rome;victim.continent.name=Europe
kosovo;victim.country.name=Kosovo
kosovo;victim.continent.name=Europe
latvia;victim.country.name=Latvia
latvia;victim.continent.name=Europe
riga;victim.city.name=Riga
riga;victim.country.name=Latvia
riga;victim.continent.name=Europe
liechtenstein;victim.country.name=Liechtenstein
liechtenstein;victim.continent.name=Europe
vaduz;victim.city.name=Vaduz
vaduz;victim.country.name=Liechtenstein
vaduz;victim.continent.name=Europe
lithuania;victim.country.name=Lithuania
lithuania;victim.continent.name=Europe
vilnius;victim.city.name=Vilnius
vilnius;victim.country.name=Lithuania
vilnius;victim.continent.name=Europe
luxembourg;victim.country.name=Luxembourg
luxembourg;victim.continent.name=Europe
luxembourg,city;victim.city.name=Luxembourg City
luxembourg,city;victim.country.name=Luxembourg
luxembourg,city;victim.continent.name=Europe
north,macedonia;victim.country.name=North Macedonia
north,macedonia;victim.continent.name=Europe
skopje;victim.city.name=Skopje
skopje;victim.country.name=North Macedonia
skopje;victim.continent.name=Europe
malta;victim.country.name=Malta
malta;victim.continent.name=Europe
valletta;victim.city.name=Valletta
valletta;victim.country.name=Malta
valletta;victim.continent.name=Europe
moldova;victim.country.name=Moldova
moldova;victim.continent.name=Europe
chisinau;victim.city.name=Chisinau
chisinau;victim.country.name=Moldova
chisinau;victim.continent.name=Europe
monaco;victim.country.name=Monaco
monaco;victim.continent.name=Europe
montenegro;victim.country.name=Montenegro
montenegro;victim.continent.name=Europe
podgorica;victim.city.name=Podgorica
podgorica;victim.country.name=Montenegro
podgorica;victim.continent.name=Europe
netherlands;victim.country.name=Netherlands
netherlands;victim.continent.name=Europe
amsterdam;victim.city.name=Amsterdam
amsterdam;victim.country.name=Netherlands
amsterdam;victim.continent.name=Europe
norway;victim.country.name=Norway
norway;victim.continent.name=Europe
oslo;victim.city.name=Oslo
oslo;victim.country.name=Norway
oslo;victim.continent.name=Europe
poland;victim.country.name=Poland
poland;victim.continent.name=Europe
warsaw,poland;victim.city.name=Warsaw, Poland
warsaw,poland;victim.country.name=Poland
warsaw,poland;victim.continent.name=Europe
portugal;victim.country.name=Portugal
portugal;victim.continent.name=Europe
lisbon;victim.city.name=Lisbon
lisbon;victim.country.name=Portugal
lisbon;victim.continent.name=Europe
romania;victim.country.name=Romania
romania;victim.continent.name=Europe
bucharest;victim.city.name=Bucharest
bucharest;victim.country.name=Romania
bucharest;victim.continent.name=Europe
russia;victim.country.name=Russia
russia;victim.continent.name=Europe
moscow;victim.city.name=Moscow
moscow;victim.country.name=Russia
moscow;victim.continent.name=Europe
san,marino;victim.country.name=San Marino
san,marino;victim.continent.name=Europe
san,marino;victim.city.name=San Marino
san,marino;victim.country.name=San Marino
san,marino;victim.continent.name=Europe
serbia;victim.country.name=Serbia
serbia;victim.continent.name=Europe
belgrade;victim.city.name=Belgrade
belgrade;victim.country.name=Serbia
belgrade;victim.continent.name=Europe
slovakia;victim.country.name=Slovakia
slovakia;victim.continent.name=Europe
bratislava;victim.city.name=Bratislava
bratislava;victim.country.name=Slovakia
bratislava;victim.continent.name=Europe
slovenia;victim.country.name=Slovenia
slovenia;victim.continent.name=Europe
ljubljana;victim.city.name=Ljubljana
ljubljana;victim.country.name=Slovenia
ljubljana;victim.continent.name=Europe
france;victim.country.name=France
france;victim.continent.name=Europe
paris;victim.city.name=Paris
paris;victim.country.name=France
paris;victim.continent.name=Europe
spain;victim.country.name=Spain
spain;victim.continent.name=Europe
madrid;victim.city.name=Madrid
madrid;victim.country.name=Spain
madrid;victim.continent.name=Europe
sweden;victim.country.name=Sweden
sweden;victim.continent.name=Europe
stockholm;victim.city.name=Stockholm
stockholm;victim.country.name=Sweden
stockholm;victim.continent.name=Europe
switzerland;victim.country.name=Switzerland
switzerland;victim.continent.name=Europe
bern;victim.city.name=Bern
bern;victim.country.name=Switzerland
bern;victim.continent.name=Europe
turkey;victim.country.name=Turkey
turkey;victim.continent.name=Europe
ankara;victim.city.name=Ankara
ankara;victim.country.name=Turkey
ankara;victim.continent.name=Europe
ukraine;victim.country.name=Ukraine
ukraine;victim.continent.name=Europe
kyiv;victim.city.name=Kyiv
kyiv;victim.country.name=Ukraine
kyiv;victim.continent.name=Europe
united,kingdom;victim.country.name=United Kingdom
united,kingdom;victim.continent.name=Europe
london;victim.city.name=London
london;victim.country.name=United Kingdom
london;victim.continent.name=Europe
vatican,city;victim.country.name=Vatican City
vatican,city;victim.continent.name=Europe
vatican,city;victim.city.name=Vatican City
vatican,city;victim.country.name=Vatican City
vatican,city;victim.continent.name=Europe
north,and,central,america;victim.continent.name=North and Central America
canada;victim.country.name=Canada
canada;victim.continent.name=North and Central America
ottawa;victim.city.name=Ottawa
ottawa;victim.country.name=Canada
ottawa;victim.continent.name=North and Central America
mexico;victim.country.name=Mexico
mexico;victim.continent.name=North and Central America
mexico,city;victim.city.name=Mexico City
mexico,city;victim.country.name=Mexico
mexico,city;victim.continent.name=North and Central America
united,states,of,america;victim.country.name=United States of America
united,states,of,america;victim.continent.name=North and Central America
washington,district,of,columbia;victim.city.name=Washington, District of Columbia
washington,district,of,columbia;victim.country.name=United States of America
washington,district,of,columbia;victim.continent.name=North and Central America
navassa,island;victim.country.name=Navassa Island
navassa,island;victim.continent.name=North and Central America
washington,d,c,;victim.city.name=Washington, D.C.
washington,d,c,;victim.country.name=Navassa Island
washington,d,c,;victim.continent.name=North and Central America
puerto,rico;victim.country.name=Puerto Rico
puerto,rico;victim.continent.name=North and Central America
san,juan;victim.city.name=San Juan
san,juan;victim.country.name=Puerto Rico
san,juan;victim.continent.name=North and Central America
us,virgin,islands;victim.country.name=US Virgin Islands
us,virgin,islands;victim.continent.name=North and Central America
charlotte,amalie;victim.city.name=Charlotte Amalie
charlotte,amalie;victim.country.name=US Virgin Islands
charlotte,amalie;victim.continent.name=North and Central America
dominican,republic;victim.country.name=Dominican Republic
dominican,republic;victim.continent.name=North and Central America
santo,domingo;victim.city.name=Santo Domingo
santo,domingo;victim.country.name=Dominican Republic
santo,domingo;victim.continent.name=North and Central America
cuba;victim.country.name=Cuba
cuba;victim.continent.name=North and Central America
havana;victim.city.name=Havana
havana;victim.country.name=Cuba
havana;victim.continent.name=North and Central America
haiti;victim.country.name=Haiti
haiti;victim.continent.name=North and Central America
;victim.city.name=
;victim.country.name=Haiti
;victim.continent.name=North and Central America
belize;victim.country.name=Belize
belize;victim.continent.name=North and Central America
costa,rica;victim.country.name=Costa Rica
costa,rica;victim.continent.name=North and Central America
el,salvador;victim.country.name=El Salvador
el,salvador;victim.continent.name=North and Central America
guatemala;victim.country.name=Guatemala
guatemala;victim.continent.name=North and Central America
honduras;victim.country.name=Honduras
honduras;victim.continent.name=North and Central America
nicaragua;victim.country.name=Nicaragua
nicaragua;victim.continent.name=North and Central America
panama;victim.country.name=Panama
panama;victim.continent.name=North and Central America
trinidad,an,tobasco;victim.country.name=Trinidad an Tobasco
trinidad,an,tobasco;victim.continent.name=North and Central America
jamaica;victim.country.name=Jamaica
jamaica;victim.continent.name=North and Central America
and,many,more,countries,and,territories;victim.country.name=And many more countries and territories
and,many,more,countries,and,territories;victim.continent.name=North and Central America
south,america;victim.continent.name=South America
brazil;victim.country.name=Brazil
brazil;victim.continent.name=South America
brasília;victim.city.name=Brasília
brasília;victim.country.name=Brazil
brasília;victim.continent.name=South America
argentina;victim.country.name=Argentina
argentina;victim.continent.name=South America
buenos,aires;victim.city.name=Buenos Aires
buenos,aires;victim.country.name=Argentina
buenos,aires;victim.continent.name=South America
bolivia;victim.country.name=Bolivia
bolivia;victim.continent.name=South America
sucre;victim.city.name=Sucre
sucre;victim.country.name=Bolivia
sucre;victim.continent.name=South America
chile;victim.country.name=Chile
chile;victim.continent.name=South America
santiago,chile;victim.city.name=Santiago, Chile
santiago,chile;victim.country.name=Chile
santiago,chile;victim.continent.name=South America
colombia;victim.country.name=Colombia
colombia;victim.continent.name=South America
bogotá;victim.city.name=Bogotá
bogotá;victim.country.name=Colombia
bogotá;victim.continent.name=South America
ecuador;victim.country.name=Ecuador
ecuador;victim.continent.name=South America
quito;victim.city.name=Quito
quito;victim.country.name=Ecuador
quito;victim.continent.name=South America
falkland,islands;victim.country.name=Falkland Islands
falkland,islands;victim.continent.name=South America
stanley,falkland,islands;victim.city.name=Stanley, Falkland Islands
stanley,falkland,islands;victim.country.name=Falkland Islands
stanley,falkland,islands;victim.continent.name=South America
french,guiana;victim.country.name=French Guiana
french,guiana;victim.continent.name=South America
cayenne;victim.city.name=Cayenne
cayenne;victim.country.name=French Guiana
cayenne;victim.continent.name=South America
guyana;victim.country.name=Guyana
guyana;victim.continent.name=South America
georgetown;victim.city.name=Georgetown
georgetown;victim.country.name=Guyana
georgetown;victim.continent.name=South America
paraguay;victim.country.name=Paraguay
paraguay;victim.continent.name=South America
asuncion;victim.city.name=Asuncion
asuncion;victim.country.name=Paraguay
asuncion;victim.continent.name=South America
peru;victim.country.name=Peru
peru;victim.continent.name=South America
lima,peru;victim.city.name=Lima, Peru
lima,peru;victim.country.name=Peru
lima,peru;victim.continent.name=South America
south,georgia,and,the,south,sandwich,islands;victim.country.name=South Georgia and the South Sandwich Islands
south,georgia,and,the,south,sandwich,islands;victim.continent.name=South America
suriname;victim.country.name=Suriname
suriname;victim.continent.name=South America
paramaribo;victim.city.name=Paramaribo
paramaribo;victim.country.name=Suriname
paramaribo;victim.continent.name=South America
uruguay;victim.country.name=Uruguay
uruguay;victim.continent.name=South America
montevideo;victim.city.name=Montevideo
montevideo;victim.country.name=Uruguay
montevideo;victim.continent.name=South America
venezuela;victim.country.name=Venezuela
venezuela;victim.continent.name=South America
caracas;victim.city.name=Caracas
caracas;victim.country.name=Venezuela
caracas;victim.continent.name=South America
oceania;victim.continent.name=Oceania
australia;victim.country.name=Australia
australia;victim.continent.name=Oceania
canberra;victim.city.name=Canberra
canberra;victim.country.name=Australia
canberra;victim.continent.name=Oceania
fiji;victim.country.name=Fiji
fiji;victim.continent.name=Oceania
suva;victim.city.name=Suva
suva;victim.country.name=Fiji
suva;victim.continent.name=Oceania
new,zealand;victim.country.name=New Zealand
new,zealand;victim.continent.name=Oceania
wellington;victim.city.name=Wellington
wellington;victim.country.name=New Zealand
wellington;victim.continent.name=Oceania
federated,states,of,micronesia;victim.country.name=Federated States of Micronesia
federated,states,of,micronesia;victim.continent.name=Oceania
palikir;victim.city.name=Palikir
palikir;victim.country.name=Federated States of Micronesia
palikir;victim.continent.name=Oceania
kiribati;victim.country.name=Kiribati
kiribati;victim.continent.name=Oceania
south,tarawa;victim.city.name=South Tarawa
south,tarawa;victim.country.name=Kiribati
south,tarawa;victim.continent.name=Oceania
marshall,islands;victim.country.name=Marshall Islands
marshall,islands;victim.continent.name=Oceania
majuro;victim.city.name=Majuro
majuro;victim.country.name=Marshall Islands
majuro;victim.continent.name=Oceania
nauru;victim.country.name=Nauru
nauru;victim.continent.name=Oceania
yaren;victim.city.name=Yaren
yaren;victim.country.name=Nauru
yaren;victim.continent.name=Oceania
palau;victim.country.name=Palau
palau;victim.continent.name=Oceania
ngerulmud;victim.city.name=Ngerulmud
ngerulmud;victim.country.name=Palau
ngerulmud;victim.continent.name=Oceania
papua,new,guinea;victim.country.name=Papua New Guinea
papua,new,guinea;victim.continent.name=Oceania
port,moresby;victim.city.name=Port Moresby
port,moresby;victim.country.name=Papua New Guinea
port,moresby;victim.continent.name=Oceania
samoa;victim.country.name=Samoa
samoa;victim.continent.name=Oceania
apia;victim.city.name=Apia
apia;victim.country.name=Samoa
apia;victim.continent.name=Oceania
solomon,islands;victim.country.name=Solomon Islands
solomon,islands;victim.continent.name=Oceania
honiara;victim.city.name=Honiara
honiara;victim.country.name=Solomon Islands
honiara;victim.continent.name=Oceania
tonga;victim.country.name=Tonga
tonga;victim.continent.name=Oceania
nuku'alofa;victim.city.name=Nuku'alofa
nuku'alofa;victim.country.name=Tonga
nuku'alofa;victim.continent.name=Oceania
tuvalu;victim.country.name=Tuvalu
tuvalu;victim.continent.name=Oceania
funafuti;victim.city.name=Funafuti
funafuti;victim.country.name=Tuvalu
funafuti;victim.continent.name=Oceania
vanuatu;victim.country.name=Vanuatu
vanuatu;victim.continent.name=Oceania
port,vila;victim.city.name=Port Vila
port,vila;victim.country.name=Vanuatu
port,vila;victim.continent.name=Oceania
references;victim.continent.name=References
australia;victim.country.name=Australia
australia;victim.continent.name=References
flores;victim.country.name=Flores
flores;victim.continent.name=References
lombok;victim.country.name=Lombok
lombok;victim.continent.name=References
melanesia;victim.country.name=Melanesia
melanesia;victim.continent.name=References
new,caledonia;victim.country.name=New Caledonia
new,caledonia;victim.continent.name=References
new,guinea;victim.country.name=New Guinea
new,guinea;victim.continent.name=References
sulawesi;victim.country.name=Sulawesi
sulawesi;victim.continent.name=References
sumbawa;victim.country.name=Sumbawa
sumbawa;victim.continent.name=References
timor;victim.country.name=Timor
timor;victim.continent.name=References
3para,rat;action.malware.name=3PARA RAT
4h,rat;action.malware.name=4H RAT
abk;action.malware.name=ABK
adbupd;action.malware.name=adbupd
adfind;action.malware.name=AdFind
adups;action.malware.name=Adups
advstoreshell;action.malware.name=ADVSTORESHELL
azzy;action.malware.name=ADVSTORESHELL
eviltoss;action.malware.name=ADVSTORESHELL
netui;action.malware.name=ADVSTORESHELL
sedreco;action.malware.name=ADVSTORESHELL
agent,smith;action.malware.name=Agent Smith
agent,tesla;action.malware.name=Agent Tesla
agent,btz;action.malware.name=Agent.btz
allwinner;action.malware.name=Allwinner
anchor;action.malware.name=Anchor
anchor_dns;action.malware.name=Anchor
android,addisplay,ashas;action.malware.name=Android/AdDisplay.Ashas
android,chuli,a;action.malware.name=Android/Chuli.A
androidos,mallocker,b;action.malware.name=AndroidOS/MalLocker.B
androidos_anserver,a;action.malware.name=ANDROIDOS_ANSERVER.A
androrat;action.malware.name=AndroRAT
anubis;action.malware.name=Anubis
applejeus;action.malware.name=AppleJeus
appleseed;action.malware.name=AppleSeed
aria,body;action.malware.name=Aria-body
arp;action.malware.name=Arp
arp,exe;action.malware.name=Arp
asacub;action.malware.name=Asacub
trojan,sms,androidos,smaps;action.malware.name=Asacub
aspxspy;action.malware.name=ASPXSpy
aspxtool;action.malware.name=ASPXSpy
astaroth;action.malware.name=Astaroth
guildma;action.malware.name=Astaroth
at;action.malware.name=at
at,exe;action.malware.name=at
attor;action.malware.name=Attor
auditcred;action.malware.name=AuditCred
roptimizer;action.malware.name=AuditCred
autoit,backdoor;action.malware.name=AutoIt backdoor
avaddon;action.malware.name=Avaddon
avenger;action.malware.name=Avenger
azorult;action.malware.name=Azorult
babuk;action.malware.name=Babuk
babyk;action.malware.name=Babuk
vasa,locker;action.malware.name=Babuk
babyshark;action.malware.name=BabyShark
backconfig;action.malware.name=BackConfig
backdoor,oldrea;action.malware.name=Backdoor.Oldrea
havex;action.malware.name=Backdoor.Oldrea
backspace;action.malware.name=BACKSPACE
lecna;action.malware.name=BACKSPACE
bad,rabbit;action.malware.name=Bad Rabbit
win32,diskcoder,d;action.malware.name=Bad Rabbit
badcall;action.malware.name=BADCALL
badflick;action.malware.name=BADFLICK
badnews;action.malware.name=BADNEWS
badpatch;action.malware.name=BadPatch
bandook;action.malware.name=Bandook
bankshot;action.malware.name=Bankshot
trojan,manuscript;action.malware.name=Bankshot
bazar;action.malware.name=Bazar
kegtap;action.malware.name=Bazar
team9;action.malware.name=Bazar
bbk;action.malware.name=BBK
bbsrat;action.malware.name=BBSRAT
bendybear;action.malware.name=BendyBear
biscuit;action.malware.name=BISCUIT
bisonal;action.malware.name=Bisonal
bitpaymer;action.malware.name=BitPaymer
wp_encrypt;action.malware.name=BitPaymer
friedex;action.malware.name=BitPaymer
bitsadmin;action.malware.name=BITSAdmin
blackcoffee;action.malware.name=BLACKCOFFEE
blackenergy;action.malware.name=BlackEnergy
black,energy;action.malware.name=BlackEnergy
blackmould;action.malware.name=BlackMould
blindingcan;action.malware.name=BLINDINGCAN
bloodhound;action.malware.name=BloodHound
bluelight;action.malware.name=BLUELIGHT
bonadan;action.malware.name=Bonadan
bondupdater;action.malware.name=BONDUPDATER
boombox;action.malware.name=BoomBox
boostwrite;action.malware.name=BOOSTWRITE
bootrash;action.malware.name=BOOTRASH
boxcaon;action.malware.name=BoxCaon
braintest;action.malware.name=BrainTest
brave,prince;action.malware.name=Brave Prince
bread;action.malware.name=Bread
joker;action.malware.name=Bread
briba;action.malware.name=Briba
bs2005;action.malware.name=BS2005
bubblewrap;action.malware.name=BUBBLEWRAP
backdoor,apt,fakewinhttphelper;action.malware.name=BUBBLEWRAP
build_downer;action.malware.name=build_downer
bundlore;action.malware.name=Bundlore
osx,bundlore;action.malware.name=Bundlore
busygasper;action.malware.name=BusyGasper
cachedump;action.malware.name=Cachedump
cadelspy;action.malware.name=Cadelspy
calendar;action.malware.name=CALENDAR
calisto;action.malware.name=Calisto
callme;action.malware.name=CallMe
cannon;action.malware.name=Cannon
carbanak;action.malware.name=Carbanak
anunak;action.malware.name=Carbanak
carberp;action.malware.name=Carberp
carbon;action.malware.name=Carbon
carbonsteal;action.malware.name=CarbonSteal
cardinal,rat;action.malware.name=Cardinal RAT
carrotball;action.malware.name=CARROTBALL
carrotbat;action.malware.name=CARROTBAT
catchamas;action.malware.name=Catchamas
caterpillar,webshell;action.malware.name=Caterpillar WebShell
ccbkdr;action.malware.name=CCBkdr
cerberus;action.malware.name=Cerberus
certutil;action.malware.name=certutil
certutil,exe;action.malware.name=certutil
chaes;action.malware.name=Chaes
chaos;action.malware.name=Chaos
charger;action.malware.name=Charger
chches;action.malware.name=ChChes
scorpion;action.malware.name=ChChes
haymaker;action.malware.name=ChChes
chemistgames;action.malware.name=CHEMISTGAMES
cherry,picker;action.malware.name=Cherry Picker
china,chopper;action.malware.name=China Chopper
chopstick;action.malware.name=CHOPSTICK
backdoor,sofacyx;action.malware.name=CHOPSTICK
splm;action.malware.name=CHOPSTICK
xagent;action.malware.name=CHOPSTICK
x,agent;action.malware.name=CHOPSTICK
webhp;action.malware.name=CHOPSTICK
circles;action.malware.name=Circles
clop;action.malware.name=Clop
cloudduke;action.malware.name=CloudDuke
minidionis;action.malware.name=CloudDuke
cloudlook;action.malware.name=CloudDuke
cmd;action.malware.name=cmd
cmd,exe;action.malware.name=cmd
cobalt,strike;action.malware.name=Cobalt Strike
cobian,rat;action.malware.name=Cobian RAT
cointicker;action.malware.name=CoinTicker
comnie;action.malware.name=Comnie
comrat;action.malware.name=ComRAT
concipit1248;action.malware.name=Concipit1248
corona,updates;action.malware.name=Concipit1248
conficker;action.malware.name=Conficker
kido;action.malware.name=Conficker
downadup;action.malware.name=Conficker
connectwise;action.malware.name=ConnectWise
screenconnect;action.malware.name=ConnectWise
conti;action.malware.name=Conti
cookieminer;action.malware.name=CookieMiner
coraldeck;action.malware.name=CORALDECK
coreshell;action.malware.name=CORESHELL
sofacy;action.malware.name=CORESHELL
sourface;action.malware.name=CORESHELL
corona,updates;action.malware.name=Corona Updates
wabi,music;action.malware.name=Corona Updates
concipit1248;action.malware.name=Corona Updates
cosmicduke;action.malware.name=CosmicDuke
tinybaron;action.malware.name=CosmicDuke
botgenstudios;action.malware.name=CosmicDuke
nemesisgemina;action.malware.name=CosmicDuke
costabricks;action.malware.name=CostaBricks
cozycar;action.malware.name=CozyCar
cozyduke;action.malware.name=CozyCar
cozybear;action.malware.name=CozyCar
cozer;action.malware.name=CozyCar
euroapt;action.malware.name=CozyCar
crackmapexec;action.malware.name=CrackMapExec
crimson;action.malware.name=Crimson
msil,crimson;action.malware.name=Crimson
crossrat;action.malware.name=CrossRAT
crutch;action.malware.name=Crutch
cryptoistic;action.malware.name=Cryptoistic
cspy,downloader;action.malware.name=CSPY Downloader
cuba;action.malware.name=Cuba
dacls;action.malware.name=Dacls
darkcomet;action.malware.name=DarkComet
darkkomet;action.malware.name=DarkComet
fynloski;action.malware.name=DarkComet
krademok;action.malware.name=DarkComet
fynlos;action.malware.name=DarkComet
daserf;action.malware.name=Daserf
muirim;action.malware.name=Daserf
nioupale;action.malware.name=Daserf
ddkong;action.malware.name=DDKONG
dealerschoice;action.malware.name=DealersChoice
deathransom;action.malware.name=DEATHRANSOM
defensor,id;action.malware.name=DEFENSOR ID
dendroid;action.malware.name=Dendroid
denis;action.malware.name=Denis
derusbi;action.malware.name=Derusbi
photo;action.malware.name=Derusbi
desert,scorpion;action.malware.name=Desert Scorpion
dipsind;action.malware.name=Dipsind
dogcall;action.malware.name=DOGCALL
dok;action.malware.name=Dok
retefe;action.malware.name=Dok
doki;action.malware.name=Doki
doubleagent;action.malware.name=DoubleAgent
down_new;action.malware.name=down_new
downdelph;action.malware.name=Downdelph
delphacy;action.malware.name=Downdelph
downpaper;action.malware.name=DownPaper
dresscode;action.malware.name=DressCode
dridex;action.malware.name=Dridex
bugat,v5;action.malware.name=Dridex
droidjack;action.malware.name=DroidJack
dropbook;action.malware.name=DropBook
drovorub;action.malware.name=Drovorub
dsquery;action.malware.name=dsquery
dsquery,exe;action.malware.name=dsquery
dtrack;action.malware.name=Dtrack
dualtoy;action.malware.name=DualToy
duqu;action.malware.name=Duqu
dustysky;action.malware.name=DustySky
ned,worm;action.malware.name=DustySky
dvmap;action.malware.name=Dvmap
dyre;action.malware.name=Dyre
dyzap;action.malware.name=Dyre
dyreza;action.malware.name=Dyre
ebury;action.malware.name=Ebury
eccentricbandwagon;action.malware.name=ECCENTRICBANDWAGON
ecipekac;action.malware.name=Ecipekac
heavyhand;action.malware.name=Ecipekac
sigloader;action.malware.name=Ecipekac
desloader;action.malware.name=Ecipekac
egregor;action.malware.name=Egregor
ekans;action.malware.name=EKANS
snakehose;action.malware.name=EKANS
elise;action.malware.name=Elise
bkdr_esile;action.malware.name=Elise
page;action.malware.name=Elise
elmer;action.malware.name=ELMER
emissary;action.malware.name=Emissary
emotet;action.malware.name=Emotet
geodo;action.malware.name=Emotet
empire;action.malware.name=Empire
empyre;action.malware.name=Empire
powershell,empire;action.malware.name=Empire
envyscout;action.malware.name=EnvyScout
epic;action.malware.name=Epic
tavdig;action.malware.name=Epic
wipbot;action.malware.name=Epic
worldcupsec;action.malware.name=Epic
tadjmakhal;action.malware.name=Epic
esentutl;action.malware.name=esentutl
esentutl,exe;action.malware.name=esentutl
esurv;action.malware.name=eSurv
eventbot;action.malware.name=EventBot
evilbunny;action.malware.name=EvilBunny
evilgrab;action.malware.name=EvilGrab
evilnum;action.malware.name=EVILNUM
exaramel,for,linux;action.malware.name=Exaramel for Linux
exaramel,for,windows;action.malware.name=Exaramel for Windows
exobot;action.malware.name=Exobot
marcher;action.malware.name=Exobot
exodus;action.malware.name=Exodus
exodus,one;action.malware.name=Exodus
exodus,two;action.malware.name=Exodus
expand;action.malware.name=Expand
explosive;action.malware.name=Explosive
fakem;action.malware.name=FakeM
fakespy;action.malware.name=FakeSpy
fallchill;action.malware.name=FALLCHILL
fatduke;action.malware.name=FatDuke
felismus;action.malware.name=Felismus
felixroot;action.malware.name=FELIXROOT
greyenergy,mini;action.malware.name=FELIXROOT
fgdump;action.malware.name=Fgdump
final1stspy;action.malware.name=Final1stspy
finfisher;action.malware.name=FinFisher
finspy;action.malware.name=FinFisher
fivehands;action.malware.name=FIVEHANDS
flame;action.malware.name=Flame
flamer;action.malware.name=Flame
skywiper;action.malware.name=Flame
flashflood;action.malware.name=FLASHFLOOD
flawedammyy;action.malware.name=FlawedAmmyy
flawedgrace;action.malware.name=FlawedGrace
flexispy;action.malware.name=FlexiSpy
flipside;action.malware.name=FLIPSIDE
forfiles;action.malware.name=Forfiles
frameworkpos;action.malware.name=FrameworkPOS
trinity;action.malware.name=FrameworkPOS
frozencell;action.malware.name=FrozenCell
fruitfly;action.malware.name=FruitFly
ftp;action.malware.name=FTP
ftp,exe;action.malware.name=FTP
fyanti;action.malware.name=FYAnti
dilljuice,stage2;action.malware.name=FYAnti
fysbis;action.malware.name=Fysbis
gazer;action.malware.name=Gazer
whitebear;action.malware.name=Gazer
geminiduke;action.malware.name=GeminiDuke
get2;action.malware.name=Get2
gh0st,rat;action.malware.name=gh0st RAT
ginp;action.malware.name=Ginp
glooxmail;action.malware.name=GLOOXMAIL
trojan,gtalk;action.malware.name=GLOOXMAIL
gold,dragon;action.malware.name=Gold Dragon
golden,cup;action.malware.name=Golden Cup
goldeneagle;action.malware.name=GoldenEagle
goldenspy;action.malware.name=GoldenSpy
goldfinder;action.malware.name=GoldFinder
goldmax;action.malware.name=GoldMax
sunshuttle;action.malware.name=GoldMax
golfspy;action.malware.name=GolfSpy
gooligan;action.malware.name=Gooligan
ghost,push;action.malware.name=Gooligan
goopy;action.malware.name=Goopy
gplayed;action.malware.name=GPlayed
grandoreiro;action.malware.name=Grandoreiro
gravityrat;action.malware.name=GravityRAT
greyenergy;action.malware.name=GreyEnergy
griffon;action.malware.name=GRIFFON
grimagent;action.malware.name=GrimAgent
gsecdump;action.malware.name=gsecdump
guloader;action.malware.name=GuLoader
gustuff;action.malware.name=Gustuff
h1n1;action.malware.name=H1N1
hacking,team,uefi,rootkit;action.malware.name=Hacking Team UEFI Rootkit
halfbaked;action.malware.name=HALFBAKED
hammertoss;action.malware.name=HAMMERTOSS
hammerduke;action.malware.name=HAMMERTOSS
netduke;action.malware.name=HAMMERTOSS
hancitor;action.malware.name=Hancitor
chanitor;action.malware.name=Hancitor
happywork;action.malware.name=HAPPYWORK
hardrain;action.malware.name=HARDRAIN
havij;action.malware.name=Havij
hawkball;action.malware.name=HAWKBALL
hcdloader;action.malware.name=hcdLoader
hdoor;action.malware.name=HDoor
custom,hdoor;action.malware.name=HDoor
hellokitty;action.malware.name=HELLOKITTY
helminth;action.malware.name=Helminth
henbox;action.malware.name=HenBox
hi,zor;action.malware.name=Hi-Zor
hiddenwasp;action.malware.name=HiddenWasp
hidedrv;action.malware.name=HIDEDRV
hikit;action.malware.name=Hikit
hildegard;action.malware.name=Hildegard
homefry;action.malware.name=HOMEFRY
hoplight;action.malware.name=HOPLIGHT
hotcroissant;action.malware.name=HotCroissant
htran;action.malware.name=HTRAN
huc,packet,transmit,tool;action.malware.name=HTRAN
httpbrowser;action.malware.name=HTTPBrowser
token,control;action.malware.name=HTTPBrowser
httpdump;action.malware.name=HTTPBrowser
httpclient;action.malware.name=httpclient
hummingbad;action.malware.name=HummingBad
hummingwhale;action.malware.name=HummingWhale
hydraq;action.malware.name=Hydraq
aurora;action.malware.name=Hydraq
9002,rat;action.malware.name=Hydraq
hyperbro;action.malware.name=HyperBro
hyperstack;action.malware.name=HyperStack
icedid;action.malware.name=IcedID
ifconfig;action.malware.name=ifconfig
ikitten;action.malware.name=iKitten
osx,macdownloader;action.malware.name=iKitten
imminent,monitor;action.malware.name=Imminent Monitor
impacket;action.malware.name=Impacket
industroyer;action.malware.name=Industroyer
crashoverride;action.malware.name=Industroyer
win32,industroyer;action.malware.name=Industroyer
innaputrat;action.malware.name=InnaputRAT
insomnia;action.malware.name=INSOMNIA
invisimole;action.malware.name=InvisiMole
invoke,psimage;action.malware.name=Invoke-PSImage
ipconfig;action.malware.name=ipconfig
ipconfig,exe;action.malware.name=ipconfig
ironnetinjector;action.malware.name=IronNetInjector
isminjector;action.malware.name=ISMInjector
ixeshe;action.malware.name=Ixeshe
janicab;action.malware.name=Janicab
javali;action.malware.name=Javali
jcry;action.malware.name=JCry
jhuhugit;action.malware.name=JHUHUGIT
trojan,sofacy;action.malware.name=JHUHUGIT
seduploader;action.malware.name=JHUHUGIT
jkeyskw;action.malware.name=JHUHUGIT
sednit;action.malware.name=JHUHUGIT
gamefish;action.malware.name=JHUHUGIT
sofacycarberp;action.malware.name=JHUHUGIT
jpin;action.malware.name=JPIN
jrat;action.malware.name=jRAT
jsocket;action.malware.name=jRAT
alienspy;action.malware.name=jRAT
frutas;action.malware.name=jRAT
sockrat;action.malware.name=jRAT
unrecom;action.malware.name=jRAT
jfrutas;action.malware.name=jRAT
adwind;action.malware.name=jRAT
jbifrost;action.malware.name=jRAT
trojan,maljava;action.malware.name=jRAT
jss,loader;action.malware.name=JSS Loader
judy;action.malware.name=Judy
karae;action.malware.name=KARAE
kasidet;action.malware.name=Kasidet
kazuar;action.malware.name=Kazuar
kerrdown;action.malware.name=Kerrdown
kessel;action.malware.name=Kessel
keyboy;action.malware.name=KeyBoy
keydnap;action.malware.name=Keydnap
osx,keydnap;action.malware.name=Keydnap
keymarble;action.malware.name=KEYMARBLE
keyraider;action.malware.name=KeyRaider
kgh_spy;action.malware.name=KGH_SPY
kgh_spy;action.malware.name=KGH_SPY
killdisk;action.malware.name=KillDisk
win32,killdisk,nbi;action.malware.name=KillDisk
win32,killdisk,nbh;action.malware.name=KillDisk
win32,killdisk,nbd;action.malware.name=KillDisk
win32,killdisk,nbc;action.malware.name=KillDisk
win32,killdisk,nbb;action.malware.name=KillDisk
kinsing;action.malware.name=Kinsing
kivars;action.malware.name=Kivars
koadic;action.malware.name=Koadic
kobalos;action.malware.name=Kobalos
komplex;action.malware.name=Komplex
komprogo;action.malware.name=KOMPROGO
konni;action.malware.name=KONNI
kwampirs;action.malware.name=Kwampirs
lazagne;action.malware.name=LaZagne
lightneuron;action.malware.name=LightNeuron
linfo;action.malware.name=Linfo
linux,rabbit;action.malware.name=Linux Rabbit
liteduke;action.malware.name=LiteDuke
lockergoga;action.malware.name=LockerGoga
lojax;action.malware.name=LoJax
lokibot;action.malware.name=Lokibot
lookback;action.malware.name=LookBack
loudminer;action.malware.name=LoudMiner
lowball;action.malware.name=LOWBALL
lslsass;action.malware.name=Lslsass
lucifer;action.malware.name=Lucifer
lurid;action.malware.name=Lurid
enfal;action.malware.name=Lurid
machete;action.malware.name=Machete
pyark;action.malware.name=Machete
macspy;action.malware.name=MacSpy
mailsniper;action.malware.name=MailSniper
mandrake;action.malware.name=Mandrake
oxide;action.malware.name=Mandrake
briar;action.malware.name=Mandrake
ricinus;action.malware.name=Mandrake
darkmatter;action.malware.name=Mandrake
marcher;action.malware.name=Marcher
markirat;action.malware.name=MarkiRAT
matryoshka;action.malware.name=Matryoshka
mazarbot;action.malware.name=MazarBOT
maze;action.malware.name=Maze
mcmd;action.malware.name=MCMD
mechaflounder;action.malware.name=MechaFlounder
meek;action.malware.name=meek
megacortex;action.malware.name=MegaCortex
melcoz;action.malware.name=Melcoz
messagetap;action.malware.name=MESSAGETAP
metamorfo;action.malware.name=Metamorfo
casbaneiro;action.malware.name=Metamorfo
micropsia;action.malware.name=Micropsia
mimikatz;action.malware.name=Mimikatz
mimipenguin;action.malware.name=MimiPenguin
miner,c;action.malware.name=Miner-C
mal,miner,c;action.malware.name=Miner-C
photominer;action.malware.name=Miner-C
miniduke;action.malware.name=MiniDuke
miragefox;action.malware.name=MirageFox
mis,type;action.malware.name=Mis-Type
misdat;action.malware.name=Misdat
mivast;action.malware.name=Mivast
mobileorder;action.malware.name=MobileOrder
molenet;action.malware.name=MoleNet
monokle;action.malware.name=Monokle
moonwind;action.malware.name=MoonWind
more_eggs;action.malware.name=More_eggs
skid;action.malware.name=More_eggs
terra,loader;action.malware.name=More_eggs
spicyomelette;action.malware.name=More_eggs
mosquito;action.malware.name=Mosquito
murkytop;action.malware.name=MURKYTOP
naid;action.malware.name=Naid
nanhaishu;action.malware.name=NanHaiShu
nanocore;action.malware.name=NanoCore
nativezone;action.malware.name=NativeZone
navrat;action.malware.name=NavRAT
nbtscan;action.malware.name=NBTscan
nbtstat;action.malware.name=nbtstat
nbtstat,exe;action.malware.name=nbtstat
ndiskmonitor;action.malware.name=NDiskMonitor
nebulae;action.malware.name=Nebulae
nerex;action.malware.name=Nerex
net;action.malware.name=Net
net,exe;action.malware.name=Net
net,crawler;action.malware.name=Net Crawler
netc;action.malware.name=Net Crawler
neteagle;action.malware.name=NETEAGLE
netsh;action.malware.name=netsh
netsh,exe;action.malware.name=netsh
netstat;action.malware.name=netstat
netstat,exe;action.malware.name=netstat
nettraveler;action.malware.name=NetTraveler
netwalker;action.malware.name=Netwalker
netwire;action.malware.name=NETWIRE
ngrok;action.malware.name=Ngrok
nidiran;action.malware.name=Nidiran
backdoor,nidiran;action.malware.name=Nidiran
njrat;action.malware.name=njRAT
njw0rm;action.malware.name=njRAT
lv;action.malware.name=njRAT
bladabindi;action.malware.name=njRAT
nltest;action.malware.name=Nltest
nokki;action.malware.name=NOKKI
notcompatible;action.malware.name=NotCompatible
notpetya;action.malware.name=NotPetya
expetr;action.malware.name=NotPetya
diskcoder,c;action.malware.name=NotPetya
goldeneye;action.malware.name=NotPetya
petrwrap;action.malware.name=NotPetya
nyetya;action.malware.name=NotPetya
obad;action.malware.name=OBAD
obliquerat;action.malware.name=ObliqueRAT
oceansalt;action.malware.name=OceanSalt
octopus;action.malware.name=Octopus
okrum;action.malware.name=Okrum
oldbait;action.malware.name=OLDBAIT
sasfis;action.malware.name=OLDBAIT
oldboot;action.malware.name=OldBoot
olympic,destroyer;action.malware.name=Olympic Destroyer
onionduke;action.malware.name=OnionDuke
oopsie;action.malware.name=OopsIE
orz;action.malware.name=Orz
airbreak;action.malware.name=Orz
osinfo;action.malware.name=OSInfo
osx,shlayer;action.malware.name=OSX/Shlayer
zshlayer;action.malware.name=OSX/Shlayer
crossrider;action.malware.name=OSX/Shlayer
osx_oceanlotus,d;action.malware.name=OSX_OCEANLOTUS.D
backdoor,macos,oceanlotus,f;action.malware.name=OSX_OCEANLOTUS.D
out1;action.malware.name=Out1
owaauth;action.malware.name=OwaAuth
p,a,s,,webshell;action.malware.name=P.A.S. Webshell
fobushell;action.malware.name=P.A.S. Webshell
p2p,zeus;action.malware.name=P2P ZeuS
peer,to,peer,zeus;action.malware.name=P2P ZeuS
gameover,zeus;action.malware.name=P2P ZeuS
p8rat;action.malware.name=P8RAT
heavypot;action.malware.name=P8RAT
greetcake;action.malware.name=P8RAT
pallas;action.malware.name=Pallas
pasam;action.malware.name=Pasam
pass,the,hash,toolkit;action.malware.name=Pass-The-Hash Toolkit
pay2key;action.malware.name=Pay2Key
pegasus,for,android;action.malware.name=Pegasus for Android
chrysaor;action.malware.name=Pegasus for Android
pegasus,for,ios;action.malware.name=Pegasus for iOS
penquin;action.malware.name=Penquin
penquin,2,0;action.malware.name=Penquin
penquin_x64;action.malware.name=Penquin
peppy;action.malware.name=Peppy
phoreal;action.malware.name=PHOREAL
pillowmint;action.malware.name=Pillowmint
pinchduke;action.malware.name=PinchDuke
ping;action.malware.name=Ping
ping;action.malware.name=Ping
pipemon;action.malware.name=PipeMon
pisloader;action.malware.name=Pisloader
pjapps;action.malware.name=PJApps
plaintee;action.malware.name=PLAINTEE
plead;action.malware.name=PLEAD
plugx;action.malware.name=PlugX
destroyrat;action.malware.name=PlugX
sogu;action.malware.name=PlugX
kaba;action.malware.name=PlugX
korplug;action.malware.name=PlugX
pngdowner;action.malware.name=pngdowner
poetrat;action.malware.name=PoetRAT
poisonivy;action.malware.name=PoisonIvy
poison,ivy;action.malware.name=PoisonIvy
darkmoon;action.malware.name=PoisonIvy
polyglotduke;action.malware.name=PolyglotDuke
pony;action.malware.name=Pony
pooraim;action.malware.name=POORAIM
poshc2;action.malware.name=PoshC2
poshspy;action.malware.name=POSHSPY
power,loader;action.malware.name=Power Loader
win32,agent,uaw;action.malware.name=Power Loader
powerduke;action.malware.name=PowerDuke
powershower;action.malware.name=PowerShower
powersource;action.malware.name=POWERSOURCE
dnsmessenger;action.malware.name=POWERSOURCE
powersploit;action.malware.name=PowerSploit
powerstallion;action.malware.name=PowerStallion
powerstats;action.malware.name=POWERSTATS
powermud;action.malware.name=POWERSTATS
powerton;action.malware.name=POWERTON
powruner;action.malware.name=POWRUNER
prikormka;action.malware.name=Prikormka
prolock;action.malware.name=ProLock
proton;action.malware.name=Proton
proxysvc;action.malware.name=Proxysvc
ps1;action.malware.name=PS1
ps1;action.malware.name=PS1
psexec;action.malware.name=PsExec
psylo;action.malware.name=Psylo
pteranodon;action.malware.name=Pteranodon
punchbuggy;action.malware.name=PUNCHBUGGY
shelltea;action.malware.name=PUNCHBUGGY
punchtrack;action.malware.name=PUNCHTRACK
psvc;action.malware.name=PUNCHTRACK
pupy;action.malware.name=Pupy
pwdump;action.malware.name=pwdump
pysa;action.malware.name=Pysa
mespinoza;action.malware.name=Pysa
qakbot;action.malware.name=QakBot
pinkslipbot;action.malware.name=QakBot
quackbot;action.malware.name=QakBot
qbot;action.malware.name=QakBot
quadagent;action.malware.name=QUADAGENT
quasarrat;action.malware.name=QuasarRAT
xrat;action.malware.name=QuasarRAT
ragnar,locker;action.malware.name=Ragnar Locker
raindrop;action.malware.name=Raindrop
rainyday;action.malware.name=RainyDay
ramsay;action.malware.name=Ramsay
rarstone;action.malware.name=RARSTONE
ratankba;action.malware.name=RATANKBA
rawdisk;action.malware.name=RawDisk
rawpos;action.malware.name=RawPOS
fiendcry;action.malware.name=RawPOS
duebrew;action.malware.name=RawPOS
driftwood;action.malware.name=RawPOS
rcsandroid;action.malware.name=RCSAndroid
rdat;action.malware.name=RDAT
rdat;action.malware.name=RDAT
rdfsniffer;action.malware.name=RDFSNIFFER
reaver;action.malware.name=Reaver
red,alert,2,0;action.malware.name=Red Alert 2.0
reddrop;action.malware.name=RedDrop
redleaves;action.malware.name=RedLeaves
bugjuice;action.malware.name=RedLeaves
reg;action.malware.name=Reg
reg,exe;action.malware.name=Reg
regduke;action.malware.name=RegDuke
regin;action.malware.name=Regin
remcos;action.malware.name=Remcos
remexi;action.malware.name=Remexi
remotecmd;action.malware.name=RemoteCMD
remoteutilities;action.malware.name=RemoteUtilities
remsec;action.malware.name=Remsec
backdoor,remsec;action.malware.name=Remsec
projectsauron;action.malware.name=Remsec
responder;action.malware.name=Responder
revenge,rat;action.malware.name=Revenge RAT
revil;action.malware.name=REvil
sodin;action.malware.name=REvil
sodinokibi;action.malware.name=REvil
rgdoor;action.malware.name=RGDoor
rifdoor;action.malware.name=Rifdoor
riltok;action.malware.name=Riltok
riptide;action.malware.name=RIPTIDE
rising,sun;action.malware.name=Rising Sun
robbinhood;action.malware.name=RobbinHood
rockboot;action.malware.name=ROCKBOOT
roguerobin;action.malware.name=RogueRobin
rokrat;action.malware.name=ROKRAT
rotexy;action.malware.name=Rotexy
route;action.malware.name=route
route,exe;action.malware.name=route
rover;action.malware.name=Rover
rtm;action.malware.name=RTM
redaman;action.malware.name=RTM
ruler;action.malware.name=Ruler
rumms;action.malware.name=RuMMS
runningrat;action.malware.name=RunningRAT
ryuk;action.malware.name=Ryuk
s,type;action.malware.name=S-Type
sakula;action.malware.name=Sakula
sakurel;action.malware.name=Sakula
viper;action.malware.name=Sakula
samsam;action.malware.name=SamSam
samas;action.malware.name=SamSam
schtasks;action.malware.name=schtasks
schtasks,exe;action.malware.name=schtasks
sdbbot;action.malware.name=SDBbot
sdelete;action.malware.name=SDelete
seaduke;action.malware.name=SeaDuke
seadaddy;action.malware.name=SeaDuke
seadesk;action.malware.name=SeaDuke
seasalt;action.malware.name=Seasalt
seasharpee;action.malware.name=SEASHARPEE
servhelper;action.malware.name=ServHelper
seth,locker;action.malware.name=Seth-Locker
shadowpad;action.malware.name=ShadowPad
poisonplug,shadow;action.malware.name=ShadowPad
shamoon;action.malware.name=Shamoon
disttrack;action.malware.name=Shamoon
sharpstage;action.malware.name=SharpStage
sharpstats;action.malware.name=SHARPSTATS
shiftybug;action.malware.name=ShiftyBug
shimrat;action.malware.name=ShimRat
shimratreporter;action.malware.name=ShimRatReporter
shipshape;action.malware.name=SHIPSHAPE
shotput;action.malware.name=SHOTPUT
backdoor,apt,cookiecutter;action.malware.name=SHOTPUT
pirpi;action.malware.name=SHOTPUT
shutterspeed;action.malware.name=SHUTTERSPEED
sibot;action.malware.name=Sibot
sidetwist;action.malware.name=SideTwist
silkbean;action.malware.name=SilkBean
siloscape;action.malware.name=Siloscape
simbad;action.malware.name=SimBad
skeleton,key;action.malware.name=Skeleton Key
skidmap;action.malware.name=Skidmap
skygofree;action.malware.name=Skygofree
sliver;action.malware.name=Sliver
slothfulmedia;action.malware.name=SLOTHFULMEDIA
jackofhearts;action.malware.name=SLOTHFULMEDIA
queenofclubs;action.malware.name=SLOTHFULMEDIA
slowdrift;action.malware.name=SLOWDRIFT
smoke,loader;action.malware.name=Smoke Loader
dofoil;action.malware.name=Smoke Loader
smokedham;action.malware.name=SMOKEDHAM
snugride;action.malware.name=SNUGRIDE
socksbot;action.malware.name=Socksbot
sodamaster;action.malware.name=SodaMaster
darktown;action.malware.name=SodaMaster
dfls;action.malware.name=SodaMaster
delfscake;action.malware.name=SodaMaster
sombrat;action.malware.name=SombRAT
sorefang;action.malware.name=SoreFang
soundbite;action.malware.name=SOUNDBITE
spaceship;action.malware.name=SPACESHIP
spark;action.malware.name=Spark
speakup;action.malware.name=SpeakUp
spicyomelette;action.malware.name=SpicyOmelette
spwebmember;action.malware.name=spwebmember
spydealer;action.malware.name=SpyDealer
spynote,rat;action.malware.name=SpyNote RAT
sqlmap;action.malware.name=sqlmap
sqlrat;action.malware.name=SQLRat
sslmm;action.malware.name=SslMM
starloader;action.malware.name=Starloader
stealth,mango;action.malware.name=Stealth Mango
stonedrill;action.malware.name=StoneDrill
dropshot;action.malware.name=StoneDrill
streamex;action.malware.name=StreamEx
strongpity;action.malware.name=StrongPity
stuxnet;action.malware.name=Stuxnet
w32,stuxnet;action.malware.name=Stuxnet
sunburst;action.malware.name=SUNBURST
solorigate;action.malware.name=SUNBURST
sunspot;action.malware.name=SUNSPOT
supernova;action.malware.name=SUPERNOVA
sykipot;action.malware.name=Sykipot
synack;action.malware.name=SynAck
synful,knock;action.malware.name=SYNful Knock
sys10;action.malware.name=Sys10
syscon;action.malware.name=SYSCON
systeminfo;action.malware.name=Systeminfo
systeminfo;action.malware.name=Systeminfo
t9000;action.malware.name=T9000
taidoor;action.malware.name=Taidoor
taintedscribe;action.malware.name=TAINTEDSCRIBE
tajmahal;action.malware.name=TajMahal
tangelo;action.malware.name=Tangelo
tasklist;action.malware.name=Tasklist
tdtess;action.malware.name=TDTESS
teardrop;action.malware.name=TEARDROP
terracotta;action.malware.name=TERRACOTTA
textmate;action.malware.name=TEXTMATE
dnsmessenger;action.malware.name=TEXTMATE
thiefquest;action.malware.name=ThiefQuest
macransom,k;action.malware.name=ThiefQuest
evilquest;action.malware.name=ThiefQuest
tiktok,pro;action.malware.name=Tiktok Pro
tinytyphon;action.malware.name=TINYTYPHON
tinyzbot;action.malware.name=TinyZBot
tor;action.malware.name=Tor
triada;action.malware.name=Triada
trickbot;action.malware.name=TrickBot
totbrick;action.malware.name=TrickBot
tspy_trickload;action.malware.name=TrickBot
trickmo;action.malware.name=TrickMo
trojan,sms,androidos,agent,ao;action.malware.name=Trojan-SMS.AndroidOS.Agent.ao
trojan,sms,androidos,fakeinst,a;action.malware.name=Trojan-SMS.AndroidOS.FakeInst.a
trojan,sms,androidos,opfake,a;action.malware.name=Trojan-SMS.AndroidOS.OpFake.a
trojan,karagany;action.malware.name=Trojan.Karagany
xfrost;action.malware.name=Trojan.Karagany
karagany;action.malware.name=Trojan.Karagany
trojan,mebromi;action.malware.name=Trojan.Mebromi
truvasys;action.malware.name=Truvasys
tscookie;action.malware.name=TSCookie
turian;action.malware.name=Turian
turnedup;action.malware.name=TURNEDUP
twitoor;action.malware.name=Twitoor
typeframe;action.malware.name=TYPEFRAME
uacme;action.malware.name=UACMe
uboatrat;action.malware.name=UBoatRAT
umbreon;action.malware.name=Umbreon
unknown,logger;action.malware.name=Unknown Logger
uppercut;action.malware.name=UPPERCUT
anel;action.malware.name=UPPERCUT
uroburos;action.malware.name=Uroburos
ursnif;action.malware.name=Ursnif
gozi,isfb;action.malware.name=Ursnif
pe_ursnif;action.malware.name=Ursnif
dreambot;action.malware.name=Ursnif
usbferry;action.malware.name=USBferry
usbstealer;action.malware.name=USBStealer
usb,stealer;action.malware.name=USBStealer
win32,usbstealer;action.malware.name=USBStealer
valak;action.malware.name=Valak
vaporrage;action.malware.name=VaporRage
vasport;action.malware.name=Vasport
vbshower;action.malware.name=VBShower
vermin;action.malware.name=VERMIN
viceleaker;action.malware.name=ViceLeaker
triout;action.malware.name=ViceLeaker
viperrat;action.malware.name=ViperRAT
volgmer;action.malware.name=Volgmer
wannacry;action.malware.name=WannaCry
wanacry;action.malware.name=WannaCry
wanacrypt;action.malware.name=WannaCry
wanacrypt0r;action.malware.name=WannaCry
wcry;action.malware.name=WannaCry
wastedlocker;action.malware.name=WastedLocker
waterbear;action.malware.name=Waterbear
webc2;action.malware.name=WEBC2
wellmail;action.malware.name=WellMail
wellmess;action.malware.name=WellMess
wevtutil;action.malware.name=Wevtutil
wiarp;action.malware.name=Wiarp
windows,credential,editor;action.malware.name=Windows Credential Editor
wce;action.malware.name=Windows Credential Editor
windshield;action.malware.name=WINDSHIELD
windtail;action.malware.name=WindTail
winerack;action.malware.name=WINERACK
winexe;action.malware.name=Winexe
wingbird;action.malware.name=Wingbird
winmm;action.malware.name=WinMM
winnti,for,linux;action.malware.name=Winnti for Linux
winnti,for,windows;action.malware.name=Winnti for Windows
wiper;action.malware.name=Wiper
wirelurker;action.malware.name=WireLurker
wolfrat;action.malware.name=WolfRAT
x,agent,for,android;action.malware.name=X-Agent for Android
xagentosx;action.malware.name=XAgentOSX
osx,sofacy;action.malware.name=XAgentOSX
xbash;action.malware.name=Xbash
xbot;action.malware.name=Xbot
xcaon;action.malware.name=xCaon
xcmd;action.malware.name=xCmd
xcodeghost;action.malware.name=XcodeGhost
xcsset;action.malware.name=XCSSET
osx,dubrobber;action.malware.name=XCSSET
xloader,for,android;action.malware.name=XLoader for Android
xloader,for,ios;action.malware.name=XLoader for iOS
xtunnel;action.malware.name=XTunnel
trojan,shunnael;action.malware.name=XTunnel
x,tunnel;action.malware.name=XTunnel
xaps;action.malware.name=XTunnel
yahoyah;action.malware.name=YAHOYAH
yispecter;action.malware.name=YiSpecter
yty;action.malware.name=yty
zebrocy;action.malware.name=Zebrocy
zekapab;action.malware.name=Zebrocy
zen;action.malware.name=Zen
zerghelper;action.malware.name=ZergHelper
zeroaccess;action.malware.name=Zeroaccess
trojan,zeroaccess;action.malware.name=Zeroaccess
zerot;action.malware.name=ZeroT
zeus,panda;action.malware.name=Zeus Panda
zlib;action.malware.name=ZLib
zwshell;action.malware.name=zwShell
zxshell;action.malware.name=ZxShell
sensocode;action.malware.name=ZxShell
admin@338;threatactor.name=admin@338
ajax,security,team;threatactor.name=Ajax Security Team
operation,woolen,goldfish;threatactor.name=Ajax Security Team
ajaxtm;threatactor.name=Ajax Security Team
rocket,kitten;threatactor.name=Ajax Security Team
flying,kitten;threatactor.name=Ajax Security Team
operation,saffron,rose;threatactor.name=Ajax Security Team
andariel;threatactor.name=Andariel
silent,chollima;threatactor.name=Andariel
apt,c,36;threatactor.name=APT-C-36
blind,eagle;threatactor.name=APT-C-36
apt1;threatactor.name=APT1
comment,crew;threatactor.name=APT1
comment,group;threatactor.name=APT1
comment,panda;threatactor.name=APT1
apt12;threatactor.name=APT12
ixeshe;threatactor.name=APT12
dyncalc;threatactor.name=APT12
numbered,panda;threatactor.name=APT12
dnscalc;threatactor.name=APT12
apt16;threatactor.name=APT16
apt17;threatactor.name=APT17
deputy,dog;threatactor.name=APT17
apt18;threatactor.name=APT18
tg,0416;threatactor.name=APT18
dynamite,panda;threatactor.name=APT18
threat,group,0416;threatactor.name=APT18
apt19;threatactor.name=APT19
codoso;threatactor.name=APT19
c0d0so0;threatactor.name=APT19
codoso,team;threatactor.name=APT19
sunshop,group;threatactor.name=APT19
apt28;threatactor.name=APT28
snakemackerel;threatactor.name=APT28
swallowtail;threatactor.name=APT28
group,74;threatactor.name=APT28
sednit;threatactor.name=APT28
sofacy;threatactor.name=APT28
pawn,storm;threatactor.name=APT28
fancy,bear;threatactor.name=APT28
strontium;threatactor.name=APT28
tsar,team;threatactor.name=APT28
threat,group,4127;threatactor.name=APT28
tg,4127;threatactor.name=APT28
apt29;threatactor.name=APT29
noblebaron;threatactor.name=APT29
dark,halo;threatactor.name=APT29
stellarparticle;threatactor.name=APT29
nobelium;threatactor.name=APT29
unc2452;threatactor.name=APT29
yttrium;threatactor.name=APT29
the,dukes;threatactor.name=APT29
cozy,bear;threatactor.name=APT29
cozyduke;threatactor.name=APT29
apt3;threatactor.name=APT3
gothic,panda;threatactor.name=APT3
pirpi;threatactor.name=APT3
ups,team;threatactor.name=APT3
buckeye;threatactor.name=APT3
threat,group,0110;threatactor.name=APT3
tg,0110;threatactor.name=APT3
apt30;threatactor.name=APT30
apt32;threatactor.name=APT32
sealotus;threatactor.name=APT32
oceanlotus;threatactor.name=APT32
apt,c,00;threatactor.name=APT32
apt33;threatactor.name=APT33
holmium;threatactor.name=APT33
elfin;threatactor.name=APT33
apt37;threatactor.name=APT37
richochet,chollima;threatactor.name=APT37
inkysquid;threatactor.name=APT37
scarcruft;threatactor.name=APT37
reaper;threatactor.name=APT37
group123;threatactor.name=APT37
temp,reaper;threatactor.name=APT37
apt38;threatactor.name=APT38
nickel,gladstone;threatactor.name=APT38
beagleboyz;threatactor.name=APT38
bluenoroff;threatactor.name=APT38
stardust,chollima;threatactor.name=APT38
apt39;threatactor.name=APT39
remix,kitten;threatactor.name=APT39
itg07;threatactor.name=APT39
chafer;threatactor.name=APT39
apt41;threatactor.name=APT41
wicked,panda;threatactor.name=APT41
axiom;threatactor.name=Axiom
group,72;threatactor.name=Axiom
backdoordiplomacy;threatactor.name=BackdoorDiplomacy
blackoasis;threatactor.name=BlackOasis
blacktech;threatactor.name=BlackTech
blue,mockingbird;threatactor.name=Blue Mockingbird
bouncing,golf;threatactor.name=Bouncing Golf
bronze,butler;threatactor.name=BRONZE BUTLER
redbaldknight;threatactor.name=BRONZE BUTLER
tick;threatactor.name=BRONZE BUTLER
carbanak;threatactor.name=Carbanak
anunak;threatactor.name=Carbanak
chimera;threatactor.name=Chimera
cleaver;threatactor.name=Cleaver
threat,group,2889;threatactor.name=Cleaver
tg,2889;threatactor.name=Cleaver
cobalt,group;threatactor.name=Cobalt Group
gold,kingswood;threatactor.name=Cobalt Group
cobalt,gang;threatactor.name=Cobalt Group
cobalt,spider;threatactor.name=Cobalt Group
copykittens;threatactor.name=CopyKittens
costaricto;threatactor.name=CostaRicto
dark,caracal;threatactor.name=Dark Caracal
darkhotel;threatactor.name=Darkhotel
dubnium;threatactor.name=Darkhotel
darkhydrus;threatactor.name=DarkHydrus
darkvishnya;threatactor.name=DarkVishnya
deep,panda;threatactor.name=Deep Panda
shell,crew;threatactor.name=Deep Panda
webmasters;threatactor.name=Deep Panda
kungfu,kittens;threatactor.name=Deep Panda
pinkpanther;threatactor.name=Deep Panda
black,vine;threatactor.name=Deep Panda
dragonfly;threatactor.name=Dragonfly
tg,4192;threatactor.name=Dragonfly
crouching,yeti;threatactor.name=Dragonfly
iron,liberty;threatactor.name=Dragonfly
energetic,bear;threatactor.name=Dragonfly
dragonfly,2,0;threatactor.name=Dragonfly 2.0
iron,liberty;threatactor.name=Dragonfly 2.0
dymalloy;threatactor.name=Dragonfly 2.0
berserk,bear;threatactor.name=Dragonfly 2.0
dragonok;threatactor.name=DragonOK
dust,storm;threatactor.name=Dust Storm
elderwood;threatactor.name=Elderwood
elderwood,gang;threatactor.name=Elderwood
beijing,group;threatactor.name=Elderwood
sneaky,panda;threatactor.name=Elderwood
equation;threatactor.name=Equation
evilnum;threatactor.name=Evilnum
ferocious,kitten;threatactor.name=Ferocious Kitten
fin10;threatactor.name=FIN10
fin4;threatactor.name=FIN4
fin5;threatactor.name=FIN5
fin6;threatactor.name=FIN6
magecart,group,6;threatactor.name=FIN6
skeleton,spider;threatactor.name=FIN6
itg08;threatactor.name=FIN6
fin7;threatactor.name=FIN7
gold,niagara;threatactor.name=FIN7
itg14;threatactor.name=FIN7
carbon,spider;threatactor.name=FIN7
fin8;threatactor.name=FIN8
fox,kitten;threatactor.name=Fox Kitten
unc757;threatactor.name=Fox Kitten
pioneer,kitten;threatactor.name=Fox Kitten
parisite;threatactor.name=Fox Kitten
frankenstein;threatactor.name=Frankenstein
gallium;threatactor.name=GALLIUM
operation,soft,cell;threatactor.name=GALLIUM
gallmaker;threatactor.name=Gallmaker
gamaredon,group;threatactor.name=Gamaredon Group
gcman;threatactor.name=GCMAN
gold,southfield;threatactor.name=GOLD SOUTHFIELD
gorgon,group;threatactor.name=Gorgon Group
group5;threatactor.name=Group5
hafnium;threatactor.name=HAFNIUM
operation,exchange,marauder;threatactor.name=HAFNIUM
higaisa;threatactor.name=Higaisa
honeybee;threatactor.name=Honeybee
inception;threatactor.name=Inception
inception,framework;threatactor.name=Inception
cloud,atlas;threatactor.name=Inception
indigozebra;threatactor.name=IndigoZebra
indrik,spider;threatactor.name=Indrik Spider
evil,corp;threatactor.name=Indrik Spider
ke3chang;threatactor.name=Ke3chang
apt15;threatactor.name=Ke3chang
mirage;threatactor.name=Ke3chang
vixen,panda;threatactor.name=Ke3chang
gref;threatactor.name=Ke3chang
playful,dragon;threatactor.name=Ke3chang
royalapt;threatactor.name=Ke3chang
kimsuky;threatactor.name=Kimsuky
stolen,pencil;threatactor.name=Kimsuky
thallium;threatactor.name=Kimsuky
black,banshee;threatactor.name=Kimsuky
velvet,chollima;threatactor.name=Kimsuky
lazarus,group;threatactor.name=Lazarus Group
hidden,cobra;threatactor.name=Lazarus Group
guardians,of,peace;threatactor.name=Lazarus Group
zinc;threatactor.name=Lazarus Group
nickel,academy;threatactor.name=Lazarus Group
leafminer;threatactor.name=Leafminer
raspite;threatactor.name=Leafminer
leviathan;threatactor.name=Leviathan
mudcarp;threatactor.name=Leviathan
kryptonite,panda;threatactor.name=Leviathan
gadolinium;threatactor.name=Leviathan
bronze,mohawk;threatactor.name=Leviathan
temp,jumper;threatactor.name=Leviathan
apt40;threatactor.name=Leviathan
temp,periscope;threatactor.name=Leviathan
lotus,blossom;threatactor.name=Lotus Blossom
dragonfish;threatactor.name=Lotus Blossom
spring,dragon;threatactor.name=Lotus Blossom
machete;threatactor.name=Machete
apt,c,43;threatactor.name=Machete
el,machete;threatactor.name=Machete
magic,hound;threatactor.name=Magic Hound
ta453;threatactor.name=Magic Hound
cobalt,illusion;threatactor.name=Magic Hound
charming,kitten;threatactor.name=Magic Hound
itg18;threatactor.name=Magic Hound
phosphorus;threatactor.name=Magic Hound
newscaster;threatactor.name=Magic Hound
apt35;threatactor.name=Magic Hound
menupass;threatactor.name=menuPass
cicada;threatactor.name=menuPass
potassium;threatactor.name=menuPass
stone,panda;threatactor.name=menuPass
apt10;threatactor.name=menuPass
red,apollo;threatactor.name=menuPass
cvnx;threatactor.name=menuPass
hogfish;threatactor.name=menuPass
moafee;threatactor.name=Moafee
mofang;threatactor.name=Mofang
molerats;threatactor.name=Molerats
operation,molerats;threatactor.name=Molerats
gaza,cybergang;threatactor.name=Molerats
muddywater;threatactor.name=MuddyWater
earth,vetala;threatactor.name=MuddyWater
mercury;threatactor.name=MuddyWater
static,kitten;threatactor.name=MuddyWater
seedworm;threatactor.name=MuddyWater
temp,zagros;threatactor.name=MuddyWater
mustang,panda;threatactor.name=Mustang Panda
ta416;threatactor.name=Mustang Panda
reddelta;threatactor.name=Mustang Panda
bronze,president;threatactor.name=Mustang Panda
naikon;threatactor.name=Naikon
neodymium;threatactor.name=NEODYMIUM
night,dragon;threatactor.name=Night Dragon
nomadic,octopus;threatactor.name=Nomadic Octopus
dustsquad;threatactor.name=Nomadic Octopus
oilrig;threatactor.name=OilRig
cobalt,gypsy;threatactor.name=OilRig
irn2;threatactor.name=OilRig
helix,kitten;threatactor.name=OilRig
apt34;threatactor.name=OilRig
operation,wocao;threatactor.name=Operation Wocao
orangeworm;threatactor.name=Orangeworm
patchwork;threatactor.name=Patchwork
hangover,group;threatactor.name=Patchwork
dropping,elephant;threatactor.name=Patchwork
chinastrats;threatactor.name=Patchwork
monsoon;threatactor.name=Patchwork
operation,hangover;threatactor.name=Patchwork
pittytiger;threatactor.name=PittyTiger
platinum;threatactor.name=PLATINUM
poseidon,group;threatactor.name=Poseidon Group
promethium;threatactor.name=PROMETHIUM
strongpity;threatactor.name=PROMETHIUM
putter,panda;threatactor.name=Putter Panda
apt2;threatactor.name=Putter Panda
msupdater;threatactor.name=Putter Panda
rancor;threatactor.name=Rancor
rocke;threatactor.name=Rocke
rtm;threatactor.name=RTM
sandworm,team;threatactor.name=Sandworm Team
electrum;threatactor.name=Sandworm Team
telebots;threatactor.name=Sandworm Team
iron,viking;threatactor.name=Sandworm Team
blackenergy,(group);threatactor.name=Sandworm Team
quedagh;threatactor.name=Sandworm Team
voodoo,bear;threatactor.name=Sandworm Team
scarlet,mimic;threatactor.name=Scarlet Mimic
sharpshooter;threatactor.name=Sharpshooter
sidewinder;threatactor.name=Sidewinder
t,apt,04;threatactor.name=Sidewinder
rattlesnake;threatactor.name=Sidewinder
silence;threatactor.name=Silence
whisper,spider;threatactor.name=Silence
silent,librarian;threatactor.name=Silent Librarian
ta407;threatactor.name=Silent Librarian
cobalt,dickens;threatactor.name=Silent Librarian
silverterrier;threatactor.name=SilverTerrier
sowbug;threatactor.name=Sowbug
stealth,falcon;threatactor.name=Stealth Falcon
strider;threatactor.name=Strider
projectsauron;threatactor.name=Strider
suckfly;threatactor.name=Suckfly
ta459;threatactor.name=TA459
ta505;threatactor.name=TA505
hive0065;threatactor.name=TA505
ta551;threatactor.name=TA551
gold,cabin;threatactor.name=TA551
shathak;threatactor.name=TA551
teamtnt;threatactor.name=TeamTNT
temp,veles;threatactor.name=TEMP.Veles
xenotime;threatactor.name=TEMP.Veles
the,white,company;threatactor.name=The White Company
threat,group,1314;threatactor.name=Threat Group-1314
tg,1314;threatactor.name=Threat Group-1314
threat,group,3390;threatactor.name=Threat Group-3390
tg,3390;threatactor.name=Threat Group-3390
emissary,panda;threatactor.name=Threat Group-3390
bronze,union;threatactor.name=Threat Group-3390
apt27;threatactor.name=Threat Group-3390
iron,tiger;threatactor.name=Threat Group-3390
luckymouse;threatactor.name=Threat Group-3390
thrip;threatactor.name=Thrip
tonto,team;threatactor.name=Tonto Team
earth,akhlut;threatactor.name=Tonto Team
bronze,huntley;threatactor.name=Tonto Team
cactuspete;threatactor.name=Tonto Team
karma,panda;threatactor.name=Tonto Team
transparent,tribe;threatactor.name=Transparent Tribe
copper,fieldstone;threatactor.name=Transparent Tribe
apt36;threatactor.name=Transparent Tribe
mythic,leopard;threatactor.name=Transparent Tribe
projectm;threatactor.name=Transparent Tribe
tropic,trooper;threatactor.name=Tropic Trooper
pirate,panda;threatactor.name=Tropic Trooper
keyboy;threatactor.name=Tropic Trooper
turla;threatactor.name=Turla
group,88;threatactor.name=Turla
belugasturgeon;threatactor.name=Turla
waterbug;threatactor.name=Turla
whitebear;threatactor.name=Turla
venomous,bear;threatactor.name=Turla
snake;threatactor.name=Turla
krypton;threatactor.name=Turla
volatile,cedar;threatactor.name=Volatile Cedar
lebanese,cedar;threatactor.name=Volatile Cedar
whitefly;threatactor.name=Whitefly
windigo;threatactor.name=Windigo
windshift;threatactor.name=Windshift
bahamut;threatactor.name=Windshift
winnti,group;threatactor.name=Winnti Group
blackfly;threatactor.name=Winnti Group
wirte;threatactor.name=WIRTE
wizard,spider;threatactor.name=Wizard Spider
unc1878;threatactor.name=Wizard Spider
temp,mixmaster;threatactor.name=Wizard Spider
grim,spider;threatactor.name=Wizard Spider
zirconium;threatactor.name=ZIRCONIUM
apt31;threatactor.name=ZIRCONIUM
hotel;victim.industry.name=Accomodation
restaurant;victim.industry.name=Accomodation
cafe;victim.industry.name=Accomodation
bar;victim.industry.name=Accomodation
motel;victim.industry.name=Accomodation
fast,food;victim.industry.name=Accomodation
agriculture;victim.industry.name=Agriculture
farm;victim.industry.name=Agriculture
ranch;victim.industry.name=Agriculture
construction;victim.industry.name=Construction
education;victim.industry.name=Education
school;victim.industry.name=Education
university;victim.industry.name=Education
academy;victim.industry.name=Education
college;victim.industry.name=Education
entertainment;victim.industry.name=Entertainment
cinema;victim.industry.name=Entertainment
movie,theater;victim.industry.name=Entertainment
theater;victim.industry.name=Entertainment
concert;victim.industry.name=Entertainment
theme,park;victim.industry.name=Entertainment
circus;victim.industry.name=Entertainment
finance;victim.industry.name=Finance
bank;victim.industry.name=Finance
banking;victim.industry.name=Finance
fortune,500;victim.industry.name=Finance
fortune,1000;victim.industry.name=Finance
hedge,fund;victim.industry.name=Finance
payment,industry;victim.industry.name=Finance
health,care;victim.industry.name=Healthcare
hospital;victim.industry.name=Healthcare
medical;victim.industry.name=Healthcare
apothecary;victim.industry.name=Healthcare
drug,store;victim.industry.name=Healthcare
clinic;victim.industry.name=Healthcare
information,industry;victim.industry.name=Information
tele,vision;victim.industry.name=Information
radio,industry;victim.industry.name=Information
web,app;victim.industry.name=Information
software,develop;victim.industry.name=Information
consulting,comp;victim.industry.name=Information
management,sector;victim.industry.name=Management
manufacturing;victim.industry.name=Manufacturing
factory;victim.industry.name=Manufacturing
assembling;victim.industry.name=Manufacturing
mining;victim.industry.name=Mining
professional,services;victim.industry.name=Professional
public,sector;victim.industry.name=Public
real,estate;victim.industry.name=Real Estate
retail;victim.industry.name=Retail
shops;victim.industry.name=Retail
wholesale,comp;victim.industry.name=Wholesale Trade
transportation,comp;victim.industry.name=Transportation
logistics,comp;;victim.industry.name=Transportation
utility,comp;victim.industry.name=Utility
